
 [ {
        "webUserId": "1",
        "userEmail": "cglasper347@gmail.com",
        "userPassword": "yeahok",
         "image": "http://cis-linux2.temple.edu/~sallyk/pics_user/karl.jpg",
        "birthday": "05/18/1998",
        "membershipFee": "35.00",
        "userRoleId": "1",
        "userRoleType": "Admin",
        "errorMsg": ""
    },
            
            
    {
        "webUserId": "2",
        "userEmail": "beyonce@gmail.com",
        "userPassword": "yeahok",
         "image": "http://cis-linux2.temple.edu/~sallyk/pics_user/karl.jpg",
        "birthday": "09/04/1984",
        "membershipFee": "0.00",
        "userRoleId": "1",
        "userRoleType": "Admin",
        "errorMsg": ""
    },
    
     {
        "webUserId": "3",
        "userEmail": "nickibarb@gmail.com",
        "userPassword": "romanwashere",
         "image": "http://cis-linux2.temple.edu/~sallyk/pics_user/karl.jpg",
        "birthday": "01/04/2000",
        "membershipFee": "15.00",
        "userRoleId": "2",
        "userRoleType": "Member",
        "errorMsg": ""
    },
    
    {
        "webUserId": "4",
        "userEmail": "barakobama@pres.gov",
        "userPassword": "michelle",
         "image": "http://cis-linux2.temple.edu/~sallyk/pics_user/karl.jpg",
        "birthday": "",
        "membershipFee": "20.00",
        "userRoleId": "3",
        "userRoleType": "Member",
        "errorMsg": ""
    }
    
    
    

        
        
        
        
        
 ]
           
            
